,TPR,SPC,PPV,NPV,ACC,AUC,BER
0,0.6241685144124168,0.6264343391415215,0.39042995839112343,0.8130170987313844,0.6258064516129033,0.6660629493131851,0.37469857322303085
1,0.614190687361419,0.6323841903952401,0.390415785764623,0.8104575163398693,0.627342549923195,0.6723694712510236,0.37671256112167045
2,0.5953436807095344,0.6447088822779431,0.3911143481427531,0.80605738575983,0.6310291858678956,0.6593149472815285,0.37997371850626127
3,0.5638179800221975,0.6697832554186145,0.3953307392996109,0.8004062976130015,0.6404425322679779,0.6658361842840722,0.383199382279594
4,0.6270810210876804,0.6323841903952401,0.3951048951048951,0.8157894736842105,0.6309157959434543,0.6654343075385379,0.3702673942585398
