,TPR,SPC,PPV,NPV,ACC,AUC,BER
0,0.018633540372670808,1.0,1.0,0.9386764991267224,0.9387478193448343,0.7057085843209114,0.4906832298136646
1,0.006230529595015576,0.9993797808559024,0.4,0.9380943139918494,0.9375727025979061,0.7022690488749431,0.497194844774541
2,0.006230529595015576,0.9993797808559024,0.4,0.9380943139918494,0.9375727025979061,0.7299985766518085,0.497194844774541
3,0.012461059190031152,0.999379652605459,0.5714285714285714,0.9384466019417476,0.9379484196238123,0.676729435773753,0.4940796441022549
4,0.003115264797507788,0.999793217535153,0.5,0.9379243452958292,0.9377545084351367,0.711587419380606,0.4985457588336696
