,TPR,SPC,PPV,NPV,ACC,AUC,BER
0,0.6186252771618626,0.6170845728856779,0.3824537354352296,0.8084632516703786,0.6175115207373272,0.6589460263493412,0.3821450749762298
1,0.6008869179600886,0.6493837654058648,0.39648866130212146,0.809322033898305,0.6359447004608295,0.6661369219649775,0.37486465831702326
2,0.5343680709534369,0.6999575010624735,0.4057239057239057,0.7968069666182874,0.6540706605222735,0.6570029485404771,0.38283721399204484
3,0.6847946725860156,0.5393115172120697,0.3627278071722516,0.8171281390856407,0.5795943454210203,0.6613235612505913,0.38794690510095736
4,0.4239733629300777,0.7904802379940501,0.43657142857142855,0.7818411097099621,0.68899815611555,0.657776008429978,0.3927731995379361
